Star Rating,Review Description
5,Amazing controllerYou won't regretJust ask me what are the flaws ?? -- LOL NOneIt's  a perfect controller for this price.Lightings are amazingCord is long enoughLooks good10/10 for everythingRead more
5,ExcellentRead more
5,HIGHLY RECOMMEND it's the best thing it's working totally fine very very very good and it will last a longRead more
4,the product is nice for laptop but not for xbox and i would not recommend this controller because Lb button and Rb button dont work properly after 3 months and on xbox there is a huge delayRead more
3,"Build quality is great, but upto 12 % circularity error. I mean its very difficult to get used to your own aim settings as this error keeps making it inconsistent. Stars for build quality only.Read more"
1,Waste of money take ps5 controller instead of thisRead more
4,"It's very good, It has a full customisable rgb flights and even extra buttons for mapping it even vibrate everything you do a actionRead more"
3,The cable provided by the manufacturer is defective and the controller keeps disconnecting. Beware there is no customer support in India and one must contact the American support. They will ask you to send the controller to another city for testing before replacing or repairing anything. Wouldn't recommend PowerA at all. Although in my case it was a cable I simply chose to replace the cable and not send it for testing.Read more
5,Worked great.. trying to get it fixedRead more
5,"Looks good.Build quality is good and good grip.All buttons working well (checked on gamepad tester website, don't forget to check if joysticks are pressable) and pressure triggers are also good too , And motors works well good vibration feedback.Got 10feet cable which is very useful and  a headphone jack port ,nice.Rs.3299 on prime day sale.Controller is good for casual gaming but choose keyboard+mouse for competitive gaming.Good gaming experience.Read more"
5,"Value for money,All functions work properly,Best Design,buttons,Analog, AmazingLittle bit costierBest for Gaming pc windowsHighly Recommended...Read more"
5,Was that this is worth it looks of the controller is bestRead more
4,There is not much different between the low range price...I have three Power A controller...Read more
5,I love the free pickaxe with the controllerRead more
3,"This controller started having stick drift within 10 days of purchase. It's disappointing, i paid something around 3300 for this. I contacted PowerA for warranty, their single response through an email takes a month.Read more"
2,It is not working properlyRead more
5,Good quality.Read more
5,Used for 1 day it's good and all variations are good in this lightning arc controller and two extra button on back side of the controller it is super we can map the keys it is helpful for effective game play in games and I will update any problem comes and how much days it last longesRead more
4,"Its a really nice controller and i have been using it since last 4 to 5 months. I don't have any major complaints but i would like to point out that recently the left stick of the controller started drifting. I researched about it on the net and found that many people have had similar issues with almost all powerA controllers. You can fix it by power dusting the controller and the issue did get resolved for me. But, I am not sure that it will not come back again later. So, if you can spend some extra then go for original xbox controller as it would be better. And also you will get usb connectivity with that one, which in my opinion is a must if you plan on serious gaming. But still this controller has a good feel, it is very responsive and fun. For a casual user like me, this product is good enough!Read more"
5,Good quality. Can’t really complainRead more
5,Perfect for your Xbox One X/S consoles. Provides flawless performance and is completely legit. Had zero issues with connectivity. Wire length is also adequate enough for you to sit 10ft apart from the TV and play.Read more
5,"Product is amazing only issue is , XYAB keys are not visible due to dark color. Rest working is anazing & on point. Looks premium and good vibration motors.Read more"
1,"The product looks good, only looks good. The product i received has connectivity issue, frequesnt disconnection, one of the button was not working, seems like seller knowlingly send the defective piece.Read more"
4,"So good, and cute too! The white rubber of the LS and RS gets dirty pretty fast though with regular use.Read more"
5,"Thank GOD I decided to upgrade from all those garbage 3rd party controllers, especially Power A. The OG Xbox controller is just perfect.Read more"
5,EnjoyingRead more
5,What can I sayI like the looksI like the functionalityIt works just fineWorth the buyRead more
4,"Why did you pick this product vs others?:The Xbox controller itself is excellent - responsive buttons, comfortable grip, and smooth connectivity.However, I'm giving 4 stars instead of 5 because the box was slightly damaged on arrival. Luckily, the controller was untouched and working fine.Read more"
5,GreatRead more
5,The controllers are amazing with very good haptic feedback. I love playing Fifa and F1 with this on my laptop.Read more
3,The Triggers get stuck without much extensive usage.Read more
5,Great product for games lover  🎮 🤌✨Read more
5,I gifted it to my daughter she loved it. It was easy to use.Read more
5,"Pros:**Windows 11**Ergonomic design**You can play steam, epicstore, gog galaxy and EA origin games.**Beautiful, sturdy packaging**Pretty neon designs, feels like it belongs in a gaming room.**it is like a mini PC, just cheaper. Kind of like an RV van for mobile gamers.Cons:**Screen is smaller than a tablet PC.**400 gb space only. :( needs additional HDD like sandisk TB to install more than 3 steam games.**Abit slow and laggy, or maybe my wifi is weak because we can not connect LAN wire for better internet connectivity. I think I can connect my logitech gamepad using an OTG connector but just not my hp keyboard or mouse. I guess it's a handheld like switch, deck and PsP.*battery seems lower than a gaming laptop and needs replacement. They say dont charge with extension cord which is not very realistic.** looks performance as well as heavy duty ""turbo"" mode flexible but it gets heated up and I don't think it will handle a powerful new gen game so I did not risk running it. I play small size and old games now until I can find more add'ons from amazon.**Last con is finding the right accessory like stingen rugged armour, I ended up refunding a 2023 model's armour because this is 2025 version and bigger than ally x.But stingen case designed for steam deck works well. Can carry it around convenientlyOverall satisfied and keeping it. 4.5/5Read more"
4,"Well everything was ok but the seller should’ve send the product inside a cartoon packaging instead of sending it only in the original packaging but ok the product didn’t got  damaged and now about the Ally well it’s not for you if you’re looking to play all the titles at highest settings, you will able to play most games at low 60 fps but the newer titles forget about it, only buy this thing if you already have a gaming pc or console so that you can use ally as a light gaming device and one more important thing that this thing released only 20 days ago so it’s not optimised at all so keep that in mindRead more"
5,"If you have never bought an Ally, then this is the one to get. If you already own one, you can skip this.Also something to keep in mind: this handheld is best if you have a Gsmepass subscription -- the experience is fantastic. Less so, if you have most of your games on Steam: you can still play them well, but it is not as seamless and experience.Read more"
1,"I bought this handheld thinking I can play light weight games on the go as I have Xbox series X console where I play most of my games. The major problem with this handheld is that it doesn’t even handle light weight games and having windows OS spoils all the fun. If you truly want to have fun playing games on the handheld while on the go, I would suggest better you go for the one with highest config or any other brand which have better config compared to this hand held cost wise. Quality wise, I don’t have any complaints and build quality is too good and ergonomics are also good as well compared to other handhelds. When you hold it in your hand, you feel like holding a Xbox controller which is just awesome. With this config and performance, I am totally disappointed. I will post another review if I can hold on to it for some more days as I am already planning to sell it off as this handheld has totally let me down.Read more"
5,"The media could not be loaded.I have used basically every handheld out there including the asus rog ally, legion go and the switch 2 but this one tops it all. It is pretty expensive, that’s a fact, but it is completely worth it. The moment you lay your hands on this device you know you have touched a console worth every penny you paid. Upgrading the ssd to 2tb makes it even better. You have people compaining that it does not play xbox games.. but come on it plays every game out there that too with top quality graphics and fps.Overall - 5 stars without a doubt.Read more"
5,Amazing product. Best overall. Bit pricey but worth it.Read more
5,Love it.Read more
1,I bought this for gaming is disappointed me game is lagging very bad graphic instead buying this buy a ps5Read more
5,"5/5 — Meta Quest 3S Xbox Edition: Absolutely Worth It!I received my Meta Quest 3S Xbox Edition yesterday, and I can confidently say this is one of the best purchases I’ve made this year. The moment I put it on, I was completely blown away. The virtual reality experience is stunning—incredibly immersive, smooth, and far better than I expected. It honestly feels like stepping into another world.The spatial sound is fantastic and adds so much depth to the experience. You can literally feel where things are coming from. And the haptics? Amazing. They give every interaction that extra layer of realism that makes gameplay feel more alive.A huge plus was the bundle: I got 3 months of Xbox Game Pass Ultimate, along with the Horizon Plus subscription, which made the value even better. Having access to such a massive library of games right out of the box takes the whole experience to another level.Overall, the Meta Quest 3S Xbox Edition has exceeded my expectations in every way. If you’re on the fence—just get it. It’s totally worth it.Read more"
3,"Product is good where as Xbox cloud gaming is not supported in india, we cannot play game until VPN is installed and it's not that easy to install VPN also almost impossible, good product worst service form Meta nd coRead more"
5,"The Meta Quest 3s Xbox Edition is a perfect blend of VR and console gaming. The Xbox colorway is easily one of the best-looking headset designs yet sleek and premium. The included 3-month Game Pass is a great bonus, though Xbox Cloud Gaming isn’t officially available in India. With a VPN, you can still enjoy streaming Xbox titles without issues. Overall, a stylish and smart package for gamers exploring both VR and Xbox ecosystems.Read more"
4,"Box came in a very bad shape, but everything seems pretty nice, even though delivery got delayed by 1 day.As others have mentioned that they are unable to redeem XBox code, just visit Xbox support chat, and share the details with them as its a USA code, it wont work in India, they will manually activate subscription from their own end, to your accountRead more"
1,Sir unable to access the 3months xbox passRead more
1,"Unable to return refund and replace,3 months pass not able to redeem,Other quest 3 3s are more betterRead more"
5,Good service received codes in email in just half n hour thank you....Read more
5,Fast service i got my pass code in 10 minutes better then officialsRead more
5,GoodRead more
5,It's not fraud its genuine ❤️Read more
4,Okay and Works Fine without any issuesRead more
5,Received code within an hour and working fine.Read more
5,"I like how Amazon sell these things but how they deliver is kinds confusing, they send a digital through Gmail and first game pass buyers thinking we will get a card with a scratch code but I love the game pass, the first game I played was my childhood dream game forza horizon 5, I like it and they should improve like call the buyer to tell that it's digital and will be sender through email's.Read more"
5,It works as intended.Read more
5,Amazing controllerYou won't regretJust ask me what are the flaws ?? -- LOL NOneIt's  a perfect controller for this price.Lightings are amazingCord is long enoughLooks good10/10 for everythingRead more
5,ExcellentRead more
5,HIGHLY RECOMMEND it's the best thing it's working totally fine very very very good and it will last a longRead more
4,the product is nice for laptop but not for xbox and i would not recommend this controller because Lb button and Rb button dont work properly after 3 months and on xbox there is a huge delayRead more
3,"Build quality is great, but upto 12 % circularity error. I mean its very difficult to get used to your own aim settings as this error keeps making it inconsistent. Stars for build quality only.Read more"
1,Waste of money take ps5 controller instead of thisRead more
4,"It's very good, It has a full customisable rgb flights and even extra buttons for mapping it even vibrate everything you do a actionRead more"
3,The cable provided by the manufacturer is defective and the controller keeps disconnecting. Beware there is no customer support in India and one must contact the American support. They will ask you to send the controller to another city for testing before replacing or repairing anything. Wouldn't recommend PowerA at all. Although in my case it was a cable I simply chose to replace the cable and not send it for testing.Read more
5,Worked great.. trying to get it fixedRead more
5,"Looks good.Build quality is good and good grip.All buttons working well (checked on gamepad tester website, don't forget to check if joysticks are pressable) and pressure triggers are also good too , And motors works well good vibration feedback.Got 10feet cable which is very useful and  a headphone jack port ,nice.Rs.3299 on prime day sale.Controller is good for casual gaming but choose keyboard+mouse for competitive gaming.Good gaming experience.Read more"
5,"Value for money,All functions work properly,Best Design,buttons,Analog, AmazingLittle bit costierBest for Gaming pc windowsHighly Recommended...Read more"
5,Was that this is worth it looks of the controller is bestRead more
4,There is not much different between the low range price...I have three Power A controller...Read more
5,I love the free pickaxe with the controllerRead more
3,"This controller started having stick drift within 10 days of purchase. It's disappointing, i paid something around 3300 for this. I contacted PowerA for warranty, their single response through an email takes a month.Read more"
2,It is not working properlyRead more
5,Good quality.Read more
5,Used for 1 day it's good and all variations are good in this lightning arc controller and two extra button on back side of the controller it is super we can map the keys it is helpful for effective game play in games and I will update any problem comes and how much days it last longesRead more
4,"Its a really nice controller and i have been using it since last 4 to 5 months. I don't have any major complaints but i would like to point out that recently the left stick of the controller started drifting. I researched about it on the net and found that many people have had similar issues with almost all powerA controllers. You can fix it by power dusting the controller and the issue did get resolved for me. But, I am not sure that it will not come back again later. So, if you can spend some extra then go for original xbox controller as it would be better. And also you will get usb connectivity with that one, which in my opinion is a must if you plan on serious gaming. But still this controller has a good feel, it is very responsive and fun. For a casual user like me, this product is good enough!Read more"
5,Good quality. Can’t really complainRead more
5,Perfect for your Xbox One X/S consoles. Provides flawless performance and is completely legit. Had zero issues with connectivity. Wire length is also adequate enough for you to sit 10ft apart from the TV and play.Read more
5,"Product is amazing only issue is , XYAB keys are not visible due to dark color. Rest working is anazing & on point. Looks premium and good vibration motors.Read more"
1,"The product looks good, only looks good. The product i received has connectivity issue, frequesnt disconnection, one of the button was not working, seems like seller knowlingly send the defective piece.Read more"
4,"So good, and cute too! The white rubber of the LS and RS gets dirty pretty fast though with regular use.Read more"
5,Good controller i bought for my laptop its best for windows connectivity and everything no lag nothing just connect and its work smoothly if you want steam less experience then go for itRead more
5,Its legit. I had my suspicion at first but got the subscription as gift card/voucher on email under 30 minutes after purchase. The only benefit purchasing from amazon is you save on gst.Read more
5,"It's convenient this way, without headache of managing Autopay when you're not using your console.Read more"
5,Pretty neat you save taxes i.e 200-300Read more
4,Iit worksRead more
5,good. go the code in 1 hourRead more
5,Got the code in 30 minsRead more
1,Shared code is not workingRead more
4,Got delivered pretty fast via mailRead more
5,"Great product, no need for buying batteries againRead more"
5,This is good product for my Xbox series x controller the power is long lastingRead more
4,"Updating my review after using the product for a while. The battery charging issue usually happens due to wrong chargers. It doesn't charge well with a fast charger or when I connect with my Xbox. However, when I used a basic 5V 2Amp charger, then it worked well. Battery easily lasts for a week. Decent buy.Read more"
5,Works well.Read more
5,"Very good product, why cause the producer you know 'Microsoft' and their build qualities one of the best and wire quality is very much good then other third party retailers.Read more"
1,Battery doesn't hold charge just after 2 months of usageRead more
5,Loved this for my controllerRead more
5,⭐️⭐️⭐️⭐️⭐️⭐️⭐️⭐️⭐️Read more
5,"Product is good but the free one month gamepass shared do not works. Seems the seller might have used the code. The package seal was broken, but the disk is working good.Read more"
5,"Best looking HDD? Probably. Also, you get a month of Xbox Live Ultimate.I can store and move around multiple games instead of downloading the titles again.Read more"
5,Thanks to this external drive I am able to fulfil my gaming experience having tons of games offline available to play anytime. It still take 10min to move games from here and there so keep in that mind. Moving the games not required if games does not require fast storage to play.Read more
4,"absolute superfast gaming HDD, max speed is 130MB/s, compactible woth Windows 10 🪟, and that green led bar is just wow. i got instant bank discount + diamond offer 💎 and great indian festival combined in a huge cashback.Read more"
5,Working is goodRead more
5,Worth it. Need to transfer x/s games to internal storage to play.Read more
5,Liked it.Read more
1,"This is a classic case of a product being mis-sold with reviews being clubbed with a Seagate expansion card to mislead customers. This is the same as any other hard-drive. The Xbox Series S/X works with any, I repeat ""any"" USB 3.0 HDD with more than 128GB in capacity.Even after buying you would not be able to directly install games of Xbox Series S/X and need to keep moving them back and forth to the onboard SSD. Disappointed.Disclaimer - I did not do my own research before buying this and am suffering the consequences. There are plenty of YouTube videos that show you how you can use any old HDD lying around at home so don't make the same mistake as me. Product is also non-refundable so boom, waste of money :( Oh well atleast now I have more space for my media and game streaming requirements ;)Read more"
5,Good quality.Read more
5,Used for 1 day it's good and all variations are good in this lightning arc controller and two extra button on back side of the controller it is super we can map the keys it is helpful for effective game play in games and I will update any problem comes and how much days it last longesRead more
4,"Its a really nice controller and i have been using it since last 4 to 5 months. I don't have any major complaints but i would like to point out that recently the left stick of the controller started drifting. I researched about it on the net and found that many people have had similar issues with almost all powerA controllers. You can fix it by power dusting the controller and the issue did get resolved for me. But, I am not sure that it will not come back again later. So, if you can spend some extra then go for original xbox controller as it would be better. And also you will get usb connectivity with that one, which in my opinion is a must if you plan on serious gaming. But still this controller has a good feel, it is very responsive and fun. For a casual user like me, this product is good enough!Read more"
5,Good quality. Can’t really complainRead more
5,Perfect for your Xbox One X/S consoles. Provides flawless performance and is completely legit. Had zero issues with connectivity. Wire length is also adequate enough for you to sit 10ft apart from the TV and play.Read more
5,"Product is amazing only issue is , XYAB keys are not visible due to dark color. Rest working is anazing & on point. Looks premium and good vibration motors.Read more"
1,"The product looks good, only looks good. The product i received has connectivity issue, frequesnt disconnection, one of the button was not working, seems like seller knowlingly send the defective piece.Read more"
4,"So good, and cute too! The white rubber of the LS and RS gets dirty pretty fast though with regular use.Read more"
5,Arrive 30 minutes late but working. Thanks Amazon…Included all benefits and Fortnite crew subscription.Read more
5,amazing. price increased a lot since i stopped buyingRead more
5,"This is the best. Very good and got the code in a min, very good game pass.Read more"
1,Doesn't work and no refund option no chat option money wastedRead more
5,Superb workedRead more
5,Worth every rupee.Read more
5,Instant Delivery!!! Activated the codeRead more
5,Got on time.  Redeemed and satisfiedRead more
5,"This controller offers seamless compatibility with both Xbox Cloud Gaming and Jio Cloud Games across mobile and laptop platforms, featuring versatile connectivity modes for various gaming consoles. For individuals seeking an Xbox cloud gaming controller, this option presents an optimal balance of performance and value.A key advantage of this controller is its exceptional battery life, providing approximately 10 hours of gameplay on a single charge, which is a remarkable duration. Furthermore, it boasts a rapid charging capability, reaching full capacity in just two hours.Read more"
4,the connecting system is so complicated i had connected this on my phone but the app v3 i installed and after mapping the keys it didn't work press the keys during the game doesn't work.Read more
5,"I ordered it's really worth it omg this antsports gp325 model game controller is angel really it's showing xbox 360 controller detacted when it's pairs & it's really all in one ps3,4&5 Android xbox xbox cloud jiogames cloud everywhere working I tested personally both ways it's working with wire type c attach & with Bluetooth wireless modes it's really solid but two steps compulsory I observe when pc connection matters you need type c cable connected pc usb to controller than you have to Bluetooth pair with pressing B button stand for Bluetooth + Home button on game controller for wireless controller than yours controller vibration now yours controller connected successfully in xbox games it's show xbox 360 controller really great & affordable price product just 1300/- rupees I think don't waste money for original xbox controller it's prices starting 4000 to 6000 rupees I'm happy with this product thanks Amazon team and special thanks to antsports company.Read more"
1,Ot working with MI android tvRead more
5,"The controller is amazing although quite complicated but the user manual is easy to understandyou can easily convert the controller into PS4, Xbox and android / PC (bluetooth mode). Been using this controller for few weeksi have a small personal problems with this is that R2 and L2 feels more like button rather than slowly moving like previous model GP300 PRO V2 or xbox 360 controller when pressing it, which is good for shooting gamesits good and not as heavy as xbox 360 controller but slight heavy than GP300 PRO V2A great controller, i would recommend you to buy itRead more"
3,"Got the controller and I wasn't expecting much from a cheap brand and they didn't disappoint me. Got the broken seal product with a transparent tape on it but I didn't replace it because, it was working fine(if you get a broken seal product please replace it). Is it worth 1500? NO. Should be around 1100.So let's come to the controller,• so THE D-PAD IS BAD really bad it's okay if you do 4 direction but diagonally it's no no• Too many Combination to make it work makes it confusing for avarage plug and play person (look for the manual if you having problems with this controller•R/L triggers( L2/R2,LB/RB) Is just buttons no sensitiv presure, means bad for shooting and racing games•Claw is cheap don't expect much just does it's jobThat's it, i bought this controller only for emulation if you're looking this controller for the same reason, i would suggest go with evo fox controller but if you're under budget it's a choice (but not the best) and if you're looking for console gaming or pc buy a better controller.Read more"
2,"The gamepad is good, but the phone clamp was not included in the boxRead more"
5,"Asusal controller not working for xbox cloud gaming. First I bhought Gp320 RT, BT , Right stick is not working. I don't know is because bluetooth. Anyway .New review it's works when you PC mode.Bad instructor manualHome + X is correct for xcloud  gamingRead more"
5,"In good condition and awesome design. Delight to maneuver , rubber grips.Read more"
1,"trash controller with no Hall effect, dont go for it. wont recommend this. there are more better controllers which wont get stick drift if they have Hall effect.Read more"
5,Works good and looks good. 100% recommend itRead more
5,"Thank GOD I decided to upgrade from all those garbage 3rd party controllers, especially Power A. The OG Xbox controller is just perfect.Read more"
5,EnjoyingRead more
5,What can I sayI like the looksI like the functionalityIt works just fineWorth the buyRead more
4,"Why did you pick this product vs others?:The Xbox controller itself is excellent - responsive buttons, comfortable grip, and smooth connectivity.However, I'm giving 4 stars instead of 5 because the box was slightly damaged on arrival. Luckily, the controller was untouched and working fine.Read more"
5,GreatRead more
5,The controllers are amazing with very good haptic feedback. I love playing Fifa and F1 with this on my laptop.Read more
3,The Triggers get stuck without much extensive usage.Read more
5,Great product for games lover  🎮 🤌✨Read more
1,Very bad too expensive premium cost only 700 rupees thats why not worth it and very bad deal for gamepassRead more
5,The keymap mode is a lifesaver for touch-based games like BGMI and Free Fire. I can now play like a pro with my gamepad. Great build quality and amazing battery life too. Highly recommended!Read more
1,Button got automatic damaged and connection problemRead more
5,Gaming just leveled up with this beastRead more
5,I bought it on 14 May 2025 🛒The product is great 👍 and works nicely ⚙️You can watch its gaming videos 🎮 on my YouTube channel @gamezoneonabhi ▶️📺Read more
1,"Doesn't pair, doesn't work. Doesn't charge. Absolute garbage. Shuts off 5 seconds after charge and fails fo pair. Worst of all, it uses Chinese app that requires location access at all times to run. And Yeah no refunds alsoRead more"
5,.The keymap mode is a lifesaver for touch-based games like BGMI and Free Fire. I can now play like a pro with my gamepad. Great build quality and amazing battery life too. Highly recommended!Read more
5,Great gaming console for this price rangeRead more
1,Total kachra product me bgmi k liye liya work he nai kar raha he bgmi me totality paisha bekarRead more
5,Codes were genuine & received within 2 hours.Read more
1,Buy JIO plan its chipper and no limitations of games. In essential game pass most of the game doesn't workRead more
5,First time buying this. Was a bit paranoid but it worked well.Read more
5,best item for gamingRead more
5,Working as expectedRead more
1,WRONG DISCRIPTION IN PRODUCTRead more
5,No complaints. Works perfectly fine and I received the code within 1-2 hours from ordering.Read more
3,Good for the priceRead more
5,"A really well-made product. It's sturdy and heavy, giving you a premium feel. Being wireless is a plus, as you don't have to be wired up all the time. The additional programmable buttons let you go all-out in your favourite games. The battery backup is good, as well. I have accidentally dropped the controller a few times, and there is no noticeable damage. In conclusion, a really good product at an affordable and worthy price.Read more"
4,it's a very good controller with hard and steady plastic build quality is very good. only one issue that is drifting. other wise best controlRead more
5,"Gives just the right amount of battery backup. Been using it since 1 year and really like the extra buttons it has to improve my gaming experience, the vibration is strong but i think it is omitted sometimes in some games. I use the dongle for the connectivity and the latency is barely noticeable. And yeah most importantly looks so cool with its texture and dragon design and the light just at the dragons' eye.Read more"
1,"USB and RF modes work fine. Bluetooth mode works only with D-input. The games I tried so far didn't work with some jumbled key bindings only. Not sure if there is a way to change the Bluetooth mode to X-input.Apart from that looks nice and comes with long rubber covers for the sticks.Works with ""PowerA PC HQ"" Windows app. Mappings can be changed from there.No rubber grips, so it slips a bit.EDIT:Some games don't detect USB or RF mode as well.Using XOutput software works on all modes.The screen capture button does not work at all.EDIT 2:Made with cheap quality plastic, the stick broke from the inside in 4 months.Poor customer support, waiting for a replacement for about one month. they just keeps closing the ticket and create new ones, and phone number they shared to know status of warranty replacement is always switched off.And ACCO doesn't even manage pickup in Gurgaon, I had to parcel it myselfRead more"
5,Little bit expensive but goodRead more
5,"So i am using this controller for about two months. I have used many controllers so far this is the best one.. Yes there are some issues with the controller like:- there are drift issues when you check on controller tester and error rate is also high for controller with the price. But to be honest no issues in gameplay i have tried it with many games. Hall effect sticks feels and feedback is really good.- Vibration feedback is not even, like right vibrator moter has a low frequency and left moter is more powerfull which feels off in starting. But now it feels great.. vibration feedback is so good and premium like you can actually feel machines footsteps in horizon forbidden west.-built quality is premium.-button quality and micro buttons feels great.-adjustable triggers are very useful.- only draw back is you cannot map combos in macro button.4.5/5Read more"
4,Best controller but not connecting to iosRead more
5,"Commendable delivery by amazon, item got delivered in perfect condition within a day, trust me their service is so much superior compared to other services who use third party for logistics.As for the product , it exceeded my expectations.Feels very premium it has hall sense sticks which even premium controllers don't use.It comes with a usb dongle and usb type c cable and a pair of grips for sticks.I couldn't test the bluetooth mode but wireless mode through dongle worked flawlessly.I bought this for playing casual games and it turned out to be more than what I expected.The only minor issue i faced was during testing the left stick showed very little drift behavior don't know why it was very subtle though,  but after calibrating it i didn't see it.Definitely go for i, t quality and build feels premium which is the most important thing for a good experience.Read more"
5,"There are tons of racing wheels available at this price point, but I don't think many would be able to provide all the same features. The gear shifter is separate so if you want to use it you can connect it. The pedals are good, but they are a bit to close to each other so I end up using one foot per pedal. When connecting to a console, we need to connect a controller to the USB port provided behind the wheel.Now for the performance, the wheel when connected to the PC runs by default in D-Input mode, which has very precise control and all the buttons are available to configure. One feature missing is vibration, but being only rumble I didn't miss it much.Forza 4,5 when purchased on steam didn't work with the steering, as I had a XBOX gamepass I downloaded and tried them, and the wheel works with both games which is surprising as I expected the same version on both stores. Gamepass is available for 1 month free if you've not already claimed it, so you could always test it out and cancel the subscription.Assetto Corsa Competizione was quite enjoyable, with the precision steering and no problems at all. Use a VR headset and the experience is on another level.There is a X-input mode which can be activated by holding down the home button and the purple led turns to orange. The games detect the wheel as a controller and it isn't as precise. But you get vibration feedback in this mode. This is more for arcade play than simulation racing.PS4, it worked without a hitch, I played Gran turismo, and the controls were very accurate. Vibration feedback sadly stopped working as soon as the PS4 updated the System Software. Not sure why Sony did that, but as of version 10.01 there is no vibration feedback support on the Nitho Drive Pro One.It's a great wheel, responsive and well built. I enjoyed playing with it, and I'm using the wheel on Windows 11.Read more"
1,"I purchased this product for my son for his 15th birthday . The racing wheel's grip are on the verge to break and I didn't expect such bad, poor and pathetic product quality from a reputable brand like NITHO in the racing wheel industry .  I am also unable to exchange this product for a new one because the return or exchange date has expired .I hope my problem is resolved to the earliest and II am able to exchange this product for a new piece .Read more"
4,"The media could not be loaded.Quality of the product is really good if your budget is under 10k it is very good I got it for 8.3k . The only problem is no vibration in streeing in xbox series but but but then also you can injoy the game like forza 5 , dirt 5 and more but not work in gta 5 and no dead zone in racing wheel very accurate while driving.Read more"
5,"This wheel is really good and sturdy, Of all I really like the quality of this whee. It does gets connected with PS5 till now, However works fyn with PC, PS4 n Xbox. There’s jo input lag in x input in PC however if your game is not supported X then switch to D. Most AAA racing games and small games support this wheel and it does the work fyn. For 9k its really worth it over its V16.Kudos to Nitho and please provide us PS5 support as well with driver update or something.As of now No driver is required for this device as per Nitho’s website.Read more"
3,"Let's start with the good things:Super fast delivery, good packaging and good product quality, good materials used in manufacturing the product, steering super smooth, good mounting options. Support team honest and direct.And now the consThe D-input does not have any vibration or force feedback. It's not given in the description and plus there were no reviews for the product when I brought them. hence I never knew how the product would be. It took a longer than usual time to setup because I was thinking that i must be doing something wrong because there were no vibrations in the game. After a chat with the support team, i came to know that it does not support vibration when in D-input mode(which gives you acess to all the buttons).After this shock that i may never be able to use all the 28 buttons, i switched to x-input. Now the x-input indeed does have vibrations on, the issue is that it has a big dead zone.(meaning steering input won't recognise a turn till u turn in atleast 15-20 degrees to either side) which makes it basically unplayable.There are no drivers or mod that will make it work.Also there is no return policy for this item. I can replace it but will get the same unusable model.So now I have basically a junk piece sitting at my home worth 10 grandIf there is no vibration in the steering in the d-input mode, it should have been clearly stated in the description. It's sad that i had to write a first review of a product like this. It pains my heart as this review may hamper the sales of this model, but what is true is true.Kudos to the support team who were responsive and technically same and very honestIf you are taking it for simracing, please choose a better option, save and then take a better oneIf you are taking it for arcade gaming, please choose a cheaper option, there are many available in the market with the exact same configurationI was using it on windows 10. I am not sure how well it will perform on xbox or PS or Neitendo.Read more"
5,"I recently purchased the Nitho Steering Wheel, and I am 100% satisfied with it! The build quality is excellent, with a premium feel that adds to the overall gaming experience. The steering response is smooth and highly accurate, making racing games feel incredibly realistic.The pedals are responsive and sturdy, and the overall setup was easy and hassle-free. It’s compatible with multiple platforms, which is a huge plus. Whether you’re a casual gamer or a racing enthusiast, this wheel delivers top-notch performance.Highly recommended — truly worth every penny!Read more"
5,Amazing productRead more
5,"Really good product. Connects seamlessly and I had a really fun experience playing games like Spider Man, Elden Ring, Minecraft on my PC.Read more"
4,I had them in cart for a month before I made the purchase and the question was quality and durability. They are not disappointing but they do not beat the original controller.The rumble motors are mild and the vibrations give the plasticy sound too. But you would find it very easy to adapt to and play. A very suggested alternative if tight in budget for getting the original.Being wired means you are confined to the length of the cable but no battery means you can play longer.Buttons are clicky and tactile but like any other duplicate they get occassionally stuck.Read more
5,"I bought this controller june 2024. In march 2025 my controller broke.  LB was not working. I raised for warranty claim, they mailed me to courier the controller. Then they gave me brand new controller. I'm very happy. Controller is really worth and 10m wire is crazy.Read more"
1,These powera controllers are that good.they last for a month or max 2 months..the main problem with these controllera are the buttons especially LB and RB buttons gets stuck after a month of playing.I have purchased 2 of them..absolute waste of money.People should think twice before purchasing this controller.Read more
5,"really good controller for the price, I have tested Roblox and rocket league on it and it works really well. I don’t know much about the haptic feedback, because I don’t have those posh games which have that. The big W is the rumble, the rumble blows my mind, and the design is also really good for PS5 players which want a cheap alternative for their pcRead more"
5,Good oneRead more
4,After playing with it for few days I come to the conclusion that this is pretty decent and perfectly connects with laptop and PC and if you're looking to play on Android so don't buy it it will not connect with your devices.....Read more
5,"The packaging of the product wasvery good .it was from the latest batch , April 2025,. there was no dent no damage to both odu and idu. The cooling is awesome.it is working silently.There was a slight hiccup with installation which was resolved by customer care in a jiffy.The voltas service centre is  some two kilometres from our house they came immediately and installed  it.the charge was 1500rs and for stand ,825including installing it.  The already existing stand was some what rusted so it was i who insisted in changing it .Every thing  was good 👍.It is absolute value for money as i got in festival discount.Now what I am going to write has nothing to do with Amazon not the sevice centre .the chief technician  some how convinced me with this and that and took  away my  old voltas 1.5ton ac which was in workable condition for 2.5thousand.But of course the installation was very good.Performance  of ac is goodI bought voltas because the old ac which i had was also voltas and the service centre would attend a complaint on the same day.Read more"
4,Product is good and sufficient for bedroom. But the pathetic experience with installation I ll share. In the box Copper pipes were missing. My technician has called and he guessed that for voltas AC pipes are missing in package as he faced same with other customer orders of same voltas AC.And yes the pipes are missing. I called amazon and they said only 3200 will be given. I struggled to get this doneRead more
1,Item is fine...but DON'T book from Amazon...the installation charges are more if ordered from Amazon (1500 + GST) as compared to if bought from store (800 + GST).Plus Voltas has 3rd party service centre we got assigned to Ample Sevices they charged additional cost for everything even to put tape on copper pipe which is already having a layer...extra 200/- for everything else even if you have bought plug and drainage pipe.. No after sales support..VOLTAS customer care don't address any concerns related to this.Read more
5,Installation charges is high 1650 in cityRead more
5,"I recently purchased a new 1.5-ton air conditioning system for my 10x15 ft room, and I am thoroughly impressed! This AC is absolutely perfect for the room size, providing rapid and efficient cooling. Within a short time, my room transforms into a comfortable oasis, which is exactly what I needed.At its price point, I wholeheartedly believe this AC offers exceptional value for money. It strikes a fantastic balance, delivering powerful cooling without burdening you with unnecessary ""smart"" features that often inflate the cost and aren't truly essential for everyday use. For those seeking a budget-friendly option that doesn't compromise on core performance, this is an excellent choice.The installation process was surprisingly smooth and hassle-free, which is always a relief with new appliance purchases. However, it's crucial for prospective buyers to be aware of the installation costs. The base installation fee is ₹1500 + GST. Be prepared for additional charges for extra components that might be required, such as an outdoor unit stand, extra water drain pipes, or additional copper piping. These aren't included in the base installation, so factor them into your overall budget.Finally, while the company might claim the unit is stabilizer-free, I strongly recommend investing in a voltage stabilizer for added safety and to protect your new appliance in the long run. It's a small additional investment that can prevent potential issues.Overall, if you're looking for an efficient, no-frills, and budget-conscious air conditioning solution for a similar room size, I highly recommend this unit. It delivers on its promise of quick and effective cooling, making it a truly smart purchase.Read more"
5,"We needed an AC asap, stores like Croma, Vijay sales and Reliance we taking longer to deliver the unit and their technician would have come in 3-5 days.Sunday 1am, we placed the order and on Wednesday by 11am i received the product.Then, I reached out to amazon support and a madam there helped me to connect with the nearby  Voltas Service center.By 4pm, my AC is working.Best price and the fastest.Voltas is a trusted brand and we got a 1.5 ton for 26k whereas the best in market Croma was only able to offer a Voltas 1.3 ton for 27kFew things to note,1- buy 3m drainpipe yourself as the compnay is charging 400 for a basic pipe which honestly is inferior in quality as compared to the one I bought from blinkit for Rs150, brand - lifelong.2- purchase the wall bracket stand yourself, it costs 450 from amazon whereas for a similar non branded stand, the company installation charge is around Rs1000.3- buy a well insulation coated copper pipe by yourself beforehand. The company charged 450 per foot (nomial market price) for a local copper pipe which is not as well covered as the one which comes along the unit from the company.You can purchase this by weight at the wholesaler shop.4- Already buy a 16A plug as the company is not providing a small detail like this and neither is the installation technician carrying it.* something VOLTAS can do better is to provide 15ft copper pipe option, include drainpipe, a 16A plug in the box,  maybe the wall clips and white tape aswell.Basically work on making the customer's experience easy and train the installation technicians better by making them aware of cleaning after the job or being polite in not littering my place.Something that is a basic practise in the west and we can learn good things.""Small details matter""Hope this helps!Read more"
5,Good productRead more
1,"Product is fine but the after sale service is very bad, the copper pipe that comes with the compressor was missing. The installation engineer had to inform me for return as the items were missing, but he decided to install it anyway and expected me to fight with amazon for extra copper pipe price that was 2500 and ask for refund from amazon. I did called amazon many times and they told me to return the product which was already installed by the engineer.Requesting for service is also not that easy too. I had to wait for 30-40 mins so that some executive could pick my call (it was 10 am on tuesday not even a weekend or some holiday) and after that they told me you have not registered the warranty on the website that no body informed me about.Read more"
4,Ac is good but installation the asking 2k. But other brands the doing freeRead more
5,Good coolingRead more
1,"After the installation, the unit stopped working within two weeks. An authorised technician visited but was unable to fix the issue. Later, another technician came and removed the unit from the roof. I was informed by the service department that it needs to be taken to the workshop for further inspection. It has now been two weeks, and the issue is still not resolved. The customer care team has been extremely unresponsive — even after sending multiple emails, I have not received any replyRead more"
5,GoodRead more
5,Nice work had done.. fully cooperative...Read more
3,Cooling is very less. Only will be good if room is below 70 sq. Ft. Also if your room has direct sunlight on top this won't be good enough. I bought for a 110 sq ft room by mistake and not sufficient. Even leaving out room size the cooling of the air that comes from AC is not good comparing other brands.Read more
5,"I am trying to summarise this in few points:-1. This one is my 3rd AC in my apartment, and first from Daikin, that to from online platform (previous ones were from Hitachi). I shall suggest go for an window AC for its sheer longevity and ease of use and service. But if not possible then go for split unit and Daikin is a fair choice.2. This one is for my one of my kid's room of 105 sqft. The IDU and HDU is very sturdy for its price reference and relatively large in size and can be compared to an 1 ton AC.3. It's a non inverter AC thus, compressor doesn't work all the time and less fault prone without the PCB and electronics, still very energy efficient. It consumed ~4 units for 11 pm to 6 am operation yesterday. It cools the room within 10 minutes.4. Their Installation charges are quite steep but Daikin sent me a rate chart in advance. Technician Adil was efficient and humble and done a good job. Unlike other brands In Daikin the power goes to HDU first and a 4 core wire comes back to IDU. So please keep in mind that, this wire is completely chargeable over and above Installation charges.Read more"
5,"Have been using this AC for two years n writing the feedback. Daikin AC is excellent with performance, low noise n efficient power bill. I'm using .8 ton AC n that cools our 120 sft room within 5 mins. Excellent product n good TCO. Only negative was the delivery by Amazon guys that dropped the compressor box n dented. Had to knock n set the compressor box for the fan to rotate. Poor n careless delivery by Amazon delivery!Read more"
4,"AC is good with fixed speed and minimum latest features. However, the service team is very bad. After 1yr they called ffor regular maintenance at 300/- and read a long list of activities. But the person who came for the work just filled the white cement purchased by me and checked gas and charged 300/-. Daikin team please check all these useless service people because product is of good value, but these creepy people will spoil your reputation.Read more"
5,"Pros:Good single speed AC. Cools room quickly. Being single speed, will go on/off like usual window AC.Pricing is apt. For the features providedAC outdoor unit runs very quiet.The indoor is a bit noisy. But when kept on coanda flow, it won't make much noise.Like other ac, the remote has a few keys lit for use in dark.Installation team did a very good jobCons:There is no display on the idu, but it doesn't matter.Plastic quality of idu is very poor.Not sure about protection coating or material of condenserInstallation is a bit expensive, but material and parts used are good quality.Support from Daikin and local installer could be better.Other points:Installation costs anywhere between 3 to 4kCopper pipes and water outlet pipe are provided. They are insulated with good material. But it won't be enough for proper installation.No batteries are provided for remote.Idu size is small, which is a good thing for me.Inside idu, the air flow can be set to go in two directions. But no horizontal swing.Read more"
1,"Product was best  and cooling also good butDaikin has tieups with local service provider for installation and services of the product, and the staff they have are very unprofessional and Idiots, we Buy a whole product from Daikin and then we have to pay for the installation charges separately i.e 1770 incl GST, The service provider won't provide you GST invoice even if you ask them they will just ignore, The service executive they've sent to my place were so unprofessional the way they have installed the AC would blow your mind, the only motive was to complete the installation asap and pin on the wire of timer antt, because of that they damaged the new switch board which I had installed for the AC, when asked about the Same they said ""Pehle se Tuta Hua tha"".....if you are living in Andheri Area and you buy Daikin, you will get this third class service provider, Named :SWASTIK ENGINEERING, they call them Daikin authorised (My Foot), with every step these people will demand money and extra money, very high prices for each and everything they add in the installation, if you compare the price and quality to the local shops there's a lot of gap, Daikin charges 850/MTR for Copper pipe, Local shops charge you 300/MTR, and still the quality of insulation etc is much better than these people...on every step they just want to eat pennies and don't want to provide service professionally...Now coming to The AC.This time I have raised a complaint about the AC (Indoor Unit) making too much Fan Noise, again i received a text message saying that swastik engineering is assigned for the complaint, no one from swastik called and asked about when to send the technician, Early morning 9 am the technician starts calling and i wasn't available at that time...when I asked them to come so they said ""Aaj nahi hoga kal aaenge"" next day no one showed up and yesterday I have received a complaint cancellation message (Daikin Customer, Cancellation proposed for Ref. MUM1105202442367700, Appointment more than 7 days, if not agree pls notify within 48hrs to Call Center.) who the hell proposed thecancellation?.....I am Done with These Senselessand unprofessional brands, now I won'trecommend Daikin to anyone as I used to doearlier, JUST BECAUSE OF THE AFTER SALESSERVICE.Read more"
5,Good product and satisfied with installationRead more
5,.8ton is sufficient for my small study .Read more
3,The installation kit was not in the boxRead more
